"","Candidate","CAND_ID","Committee_ID_Grabbed","State_processed"
"1","Jrmar ""JJ"" Jefferson","H2TX01146","","TX"
"2","Robin Fulford","H2TX02383","","TX"
"3","Sandeep Srivastava","H2TX03274","","TX"
"4","Iro Omere","H2TX04124","","TX"
"5","Tartisha Hill","H2TX05246","","TX"
"6","Lizzie Fletcher","H8TX07140","","TX"
"7","Laura Jones","H0TX08145","","TX"
"8","Al Green","H4TX09095","","TX"
"9","Linda Nuno",NA,"C00796771","TX"
"10","Trey J. Hunt","H2TX12085","","TX"
"11","Kathleen Brown","H2TX13117","","TX"
"12","Mikal Williams","H0TX14218","","TX"
"13","Michelle Vallejo","H2TX15203","","TX"
"14","Veronica Escobar","H8TX16109","","TX"
"15","Mary Jo Woods","H2TX17118","","TX"
"16","Sheila Jackson Lee","H4TX18054","","TX"
"17","Joaquin Castro","H2TX35011","","TX"
"18","Claudia Andreana Zapata","H2TX35128","","TX"
"19","Jamie Kaye Jordan","H2TX22183","","TX"
"20","John Lira","H2TX23132","","TX"
"21","Jan McDowell","H6TX24149","","TX"
"22","Maclovio Perez Jr.","H2TX27299","","TX"
"23","Henry Cuellar","H2TX23082","","TX"
"24","Sylvia Garcia","H8TX29052","","TX"
"25","Jasmine Crockett","H2TX30178","","TX"
"26","Colin Allred","H8TX32098","","TX"
"27","Marc Veasey","H2TX33073","","TX"
"28","Vicente Gonzalez","H6TX15162","","TX"
"29","Greg Casar","H2TX35144","","TX"
"30","Jon Haire","H2TX36142","","TX"
"31","Lloyd Doggett","H4TX10028","","TX"
"32","Duncan F. Klussmann","H2TX38056","","TX"
"33","Thomas M. McDermott Jr.","S2IN00208","","IN"
"34","Frank J. Mrvan","H0IN01150","","IN"
"35","Paul D. Steury","H2IN02279","","IN"
"36","Gary L. Snyder","H2IN03202","","IN"
"37","Roger D. Day","H8IN04231","","IN"
"38","Jeannine Lee Lake","H8IN06202","","IN"
"39","Cynthia ""Cinde"" Wirth","H2IN06304","","IN"
"40","André D. Carson","H8IN07184","","IN"
"41","Ray McCormick","H2IN08169","","IN"
"42","Matthew Fyfe","H2IN09191","","IN"
"43","Tim Ryan","S2OH00402","","OH"
"44","Greg Landsman","H2OH01194","","OH"
"45","Samantha Meadows","H2OH02127","","OH"
"46","Joyce Beatty","H2OH03125","","OH"
"47","Tamie Wilson","H2OH04156","","OH"
"48","Craig Swartz","H2OH05062","","OH"
"49","Louis G. Lyras","H8OH13154","","OH"
"50","Matthew Diemer","H2OH16044","","OH"
"51","Vanessa Enoch","H8OH08097","","OH"
"52","Marcy Kaptur","H2OH09031","","OH"
"53","David Esrati","H8OH03098","","OH"
"54","Shontel Brown","H2OH11169","","OH"
"55","Amy Rippel-Elton","H2OH12134","","OH"
"56","Emilia Sykes","H2OH13264","","OH"
"57","Matt Kilboy","H2OH13223","","OH"
"58","Gary Josephson","H2OH15277","","OH"
"59","Lacy Watson","H0WV03144","","WV"
"60","Barry Lee Wendell","H2WV02191","","WV"
"61","Patty Pansing Brooks","H2NE01092","","NE"
"62","Tony Vargas","H2NE02132","","NE"
"63","David J. Else","H0NE03217","","NE"
"64","Charles Booker","S0KY00420","","KY"
"65","Jimmy C. Ausbrooks","H2KY01085","","KY"
"66","Hank Linderman","H8KY02080","","KY"
"67","Morgan McGarvey","H2KY03206","","KY"
"68","Matthew Lehman","H2KY04212","","KY"
"69","Conor Halbleib","H2KY05177","","KY"
"70","Geoffrey M. ""Geoff"" Young","H4KY06163","","KY"
"71","Ron Wyden","S6OR00110","","OR"
"72","Suzanne Bonamici","H2OR01133","","OR"
"73","Joe Yetter","H2OR02156","","OR"
"74","Earl Blumenauer","H6OR03064","","OR"
"75","Val Hoyle","H2OR04095","","OR"
"76","Jamie McLeod-Skinner","H8OR02161","","OR"
"77","Andrea Salinas","H2OR06066","","OR"
"78","David Roth","S2ID00178","","ID"
"79","Kaylee Peterson","H2ID01192","","ID"
"80","Wendy Norman","H2ID02216","","ID"
"81","Cheri Beasley","S2NC00497","","NC"
"82","Don Davis","H2NC02287","","NC"
"83","Deborah K. Ross","H0NC02125","","NC"
"84","Barbara D. Gaskins","H2NC03095","","NC"
"85","Valerie P. Foushee","H2NC06114","","NC"
"86","Kyle Parrish","H2NC07203","","NC"
"87","Kathy Manning","H8NC13067","","NC"
"88","Charles Graham","H2NC09183","","NC"
"89","Scott Huffman","H8NC08109","","NC"
"90","Ben Clark","H2NC04150","","NC"
"91","Pam Genant","H2NC13235","","NC"
"92","Jasmine Beach-Ferrara","H2NC11155","","NC"
"93","Alma S. Adams","H4NC12100","","NC"
"94","Wiley Nickel","H2NC14019","","NC"
"95","Jeff Jackson","H2NC14076","","NC"
"96","John Fetterman","S6PA00274","","PA"
"97","Ashley Ehasz","H2PA01099","","PA"
"98","Brendan F. Boyle","H4PA13199","","PA"
"99","Dwight Evans","H6PA02171","","PA"
"100","Madeleine Dean","H8PA04116","","PA"
"101","Mary Gay Scanlon","H8PA07200","","PA"
"102","Chrissy Houlahan","H8PA06087","","PA"
"103","Susan Wild","H8PA15229","","PA"
"104","Matt Cartwright","H2PA17079","","PA"
"105","Amanda R. Waldman","H2PA09126","","PA"
"106","Shamaine Daniels","H2PA10124","","PA"
"107","Bob Hollister","H2PA11114","","PA"
"108","Summer Lee","H2PA18200","","PA"
"109","Dan Pastore","H2PA16097","","PA"
"110","Chris Deluzio","H2PA17103","","PA"
"111","Taysha DeVaughan","H2VA09085","","VA"
"112","Will Boyd","S2AL00251","","AL"
"113","Phyllis Harvey-Hall","H0AL02202","","AL"
"114","Lin Veasey","H2AL03131","","AL"
"115","Rick Neighbors","H8AL04086","","AL"
"116","Kathy Warner-Stanton","H2AL05177","","AL"
"117","Terrycina Sewell","H0AL07086","","AL"
"118","Natalie James","S2AR00115","","AR"
"119","Monte Hodges","H2AR01113","","AR"
"120","Quintessa Hathaway","H2AR02095","","AR"
"121","Lauren Mallett-Hays",NA,"C00777144","AR"
"122","John White","H2AR04158","","AR"
"123","Raphael Warnock","S0GA00559","","GA"
"124","Wade Herring","H2GA01249","","GA"
"125","Sanford Bishop","H2GA02031","","GA"
"126","Val Almonord","H0GA03074","","GA"
"127","Henry C. ""Hank"" Johnson Jr.","H6GA04129","","GA"
"128","Nikema Williams","H0GA05301","","GA"
"129","Bob Christian","H2GA06222","","GA"
"130","Lucy McBath","H8GA06393","","GA"
"131","Darrius Butler","H2GA08095","","GA"
"132","Michael ""Mike"" Ford","H2GA09234","","GA"
"133","Tabitha Johnson-Green","H8GA10197","","GA"
"134","Antonio Daza","H2GA11230","","GA"
"135","Elizabeth ""Liz"" Johnson","H0GA12059","","GA"
"136","David Scott","H2GA13012","","GA"
"137","Marcus Flowers","H2GA14044","","GA"
"138","Melanie Ann Stansbury","H2NM01144","","NM"
"139","Gabriel Vasquez","H2NM02191","","NM"
"140","Teresa Leger Fernandez","H0NM03102","","NM"
"141","Dianne Black","H2MS01148","","MS"
"142","Bennie G. Thompson","H4MS02068","","MS"
"143","Shuwaski A. Young","H2MS03136","","MS"
"144","Johnny L. DuPree ","H2MS04332","","MS"
"145","Monica Tranel","H2MT02092","","MT"
"146","Penny Ronning","H2MT02134","","MT"
"147","Michael Franken","S2IA00172","","IA"
"148","Christina Bohannan","H2IA02111","","IA"
"149","Liz Mathis","H2IA01089","","IA"
"150","Cindy Axne","H8IA03124","","IA"
"151","Ryan Melton","H2IA04141","","IA"
"152","Brian L. Bengs","S2SD00126","","SD"
"153","Donald W. Norcross","H4NJ01084","","NJ"
"154","Tim Alexander","H2NJ02193","","NJ"
"155","Andy Kim","H8NJ03206","","NJ"
"156","Matthew Jenkins","H2NJ04215","","NJ"
"157","Josh Gottheimer","H6NJ05171","","NJ"
"158","Frank Pallone Jr.","H8NJ03073","","NJ"
"159","Tom Malinowski","H8NJ07223","","NJ"
"160","Robert J. Menendez","H2NJ08232","","NJ"
"161","Bill Pascrell Jr.","H6NJ08118","","NJ"
"162","Donald M. Payne Jr.","H2NJ10154","","NJ"
"163","Mikie Sherrill","H8NJ11142","","NJ"
"164","Bonnie Watson Coleman","H4NJ12149","","NJ"
"165","Alex Padilla","S2CA00955","","CA"
"166","Max Steiner","H2CA01227","","CA"
"167","Jared Huffman","H2CA06259","","CA"
"168","Kermit Jones","H2CA04122","","CA"
"169","Mike Thompson","H8CA01109","","CA"
"170","Michael J. ""Mike"" Barkley","H2CA00096","","CA"
"171","Ami Bera","H0CA03078","","CA"
"172","Doris Matsui","H6CA05195","","CA"
"173","John Garamendi","H0CA10149","","CA"
"174","Josh Harder","H8CA10126","","CA"
"175","Mark DeSaulnier","H0CA10073","","CA"
"176","Nancy Pelosi","H8CA05035","","CA"
"177","Barbara Lee","H8CA09060","","CA"
"178","Adam Gray","H2CA13115","","CA"
"179","Eric Swalwell","H2CA15094","","CA"
"180","David J. Canepa","H2CA14170","","CA"
"181","Kevin Mullin","H2CA14162","","CA"
"182","Anna G. Eshoo","H8CA12098","","CA"
"183","Rishi Kumar","H0CA18068","","CA"
"184","Ro Khanna","H4CA12055","","CA"
"185","Zoe Lofgren","H4CA16049","","CA"
"186","Jimmy Panetta","H6CA20152","","CA"
"187","Marisa Wood","H2CA23155","","CA"
"188","Jim Costa","H4CA20082","","CA"
"189","Rudy Salas","H2CA21233","","CA"
"190","Derek Marshall","H2CA08214","","CA"
"191","Salud Carbajal","H6CA24303","","CA"
"192","Raul Ruiz","H2CA36439","","CA"
"193","Julia Brownley","H2CA00120","","CA"
"194","Christy Smith","H0CA25154","","CA"
"195","Judy Chu","H0CA32101","","CA"
"196","Tony Cardenas","H2CA28113","","CA"
"197","Angélica María Dueñas","H8CA29100","","CA"
"198","G ""Maebe A. Girl"" Pudlo","H0CA28174","","CA"
"199","Adam B. Schiff","H0CA27085","","CA"
"200","Grace F. Napolitano","H8CA34068","","CA"
"201","Brad Sherman","H6CA24113","","CA"
"202","Pete Aguilar","H2CA31125","","CA"
"203","Jimmy Gomez","H8CA34266","","CA"
"204","David Kim","H0CA34131","","CA"
"205","Norma J. Torres","H4CA35031","","CA"
"206","Ted W. Lieu","H4CA33119","","CA"
"207","Sydney Kamlager","H2CA37304","","CA"
"208","Jan C. Perry","H2CA37312","","CA"
"209","Linda T. Sánchez","H2CA39078","","CA"
"210","Mark Takano","H2CA43245","","CA"
"211","Asif Mahmood","H2CA40092","","CA"
"212","Will Rollins","H2CA42205","","CA"
"213","Robert Garcia","H2CA47188","","CA"
"214","Maxine Waters","H4CA23011","","CA"
"215","Nanette Diaz Barragan","H6CA44103","","CA"
"216","Jay F. Chen","H2CA39136","","CA"
"217","Lou Correa","H6CA46116","","CA"
"218","Katie Porter","H8CA45130","","CA"
"219","Stephen Houlahan","H2CA50174","","CA"
"220","Mike Levin","H8CA49058","","CA"
"221","Scott Peters","H2CA52089","","CA"
"222","Sara Jacobs","H8CA49074","","CA"
"223","Juan Vargas","H2CA50026","","CA"
"224","Jennifer Lewis","H8VA06138","","VA"
"225","Chellie Pingree","H8ME01120","","ME"
"226","Jared Golden","H8ME02185","","ME"
"227","Catherine Cortez Masto","S6NV00200","","NV"
"228","Dina Titus","H8NV03036","","NV"
"229","Elizabeth Mercedes Krause","H2NV02551","","NV"
"230","Susie Lee","H6NV04020","","NV"
"231","Steven A. Horsford","H2NV04011","","NV"
"232","Krystle Matthews","S2SC00103","","SC"
"233","Annie Andrews","H2SC01127","","SC"
"234","Judd Larkins","H2SC02182","","SC"
"235","Ken Hill","H2SC04170","","SC"
"236","Evangeline Hundley","H2SC05102","","SC"
"237","James E. ""Jim"" Clyburn","H2SC02042","","SC"
"238","Daryl W. Scott","H2SC07314","","SC"
"239","Katrina Christiansen","S2ND00123","","ND"
"240","Mark Haugen","H2ND01014","","ND"
"241","Herbert C. ""Herb"" Jones Jr.","H2VA01124","","VA"
"242","Elaine G. Luria","H8VA02111","","VA"
"243","Robert C. ""Bobby"" Scott","H6VA01117","","VA"
"244","A. Donald McEachin","H6VA04061","","VA"
"245","Joshua M. Throneburg","H2VA05091","","VA"
"246","Abigail A. Spanberger","H8VA07094","","VA"
"247","Donald S. Beyer Jr.","H4VA08224","","VA"
"248","Jennifer T. Wexton","H8VA10106","","VA"
"249","Gerald E. ""Gerry"" Connolly","H8VA11062","","VA"
"250","Michael Bennet","S0CO00211","","CO"
"251","Diana DeGette","H6CO01141","","CO"
"252","Joe Neguse","H8CO02160","","CO"
"253","Adam Frisch","H2CO03351","","CO"
"254","Ike McCorkle","H0CO04197","","CO"
"255","David Torres","H8PA02110","","CO"
"256","Jason Crow","H8CO06229","","CO"
"257","Brittany Pettersen","H8CO07045","","CO"
"258","Yadira Caraveo","H2CO08020","","CO"
"259","Tammy Duckworth","S6IL00292","","IL"
"260","Jonathan L. Jackson","H2IL01349","","IL"
"261","Robin Kelly","H2IL02172","","IL"
"262","Delia Ramirez","H2IL03162","","IL"
"263","Jesus ""Chuy"" Garcia","H8IL04134","","IL"
"264","Mike Quigley","H0IL05096","","IL"
"265","Sean Casten","H8IL06139","","IL"
"266","Danny K. Davis","H4IL07037","","IL"
"267","Raja Krishnamoorthi","H6IL08147","","IL"
"268","Janice D. Schakowsky","H8IL09067","","IL"
"269","Brad Schneider","H2IL10068","","IL"
"270","Bill Foster","H8IL14067","","IL"
"271","Homer ""Chip"" Markel","H2IL12197","","IL"
"272","Nikki Budzinski","H2IL13153","","IL"
"273","Lauren Underwood","H8IL14174","","IL"
"274","Paul J. Lange","H2IL15109","","IL"
"275","Eric Sorensen","H2IL17147","","IL"
"276","Charles E. Schumer","S8NY00082","","NY"
"277","Madison Horn","S2OK00152","","OK"
"278","Kendra Horn","S2OK00228","","OK"
"279","Adam Martin","H2OK01176","","OK"
"280","Naomi Andrews","H2OK02307","","OK"
"281","Jeremiah A. Ross","H2OK03149","","OK"
"282","Mary Brannon","H8OK04094","","OK"
"283","Joshua Harris-Till","H2OK05169","","OK"
"284","Rick Edwin Jones","H2UT01300","","UT"
"285","Nick Mitchell","H2UT02464","","UT"
"286","Glenn J. Wright","H2UT03306","","UT"
"287","Darlene McDonald","H8UT04046","","UT"
"288","Chris Van Hollen","S6MD03441","","MD"
"289","Heather R. Mizeur","H2MD01220","","MD"
"290","C.A. Dutch Ruppersberger","H2MD02160","","MD"
"291","John Sarbanes","H6MD03292","","MD"
"292","Glenn F. Ivey","H2MD04315","","MD"
"293","Steny Hoyer","H2MD05155","","MD"
"294","David J. Trone","H6MD08549","","MD"
"295","Kweisi Mfume","H6MD07020","","MD"
"296","Jamie Raskin","H6MD08457","","MD"
"297","Mark Kelly","S0AZ00350","","AZ"
"298","Jevin D. Hodge","H2AZ06221","","AZ"
"299","Tom O'Halleran","H6AZ01199","","AZ"
"300","Ruben Gallego","H4AZ07043","","AZ"
"301","Greg Stanton","H8AZ09040","","AZ"
"302","Javier Garcia Ramos","H0AZ05185","","AZ"
"303","Kirsten Engel","H2AZ02311","","AZ"
"304","Raúl Grijalva","H2AZ07070","","AZ"
"305","Mark R. Holland","S2KS00113","","KS"
"306","James ""Jimmy"" Beard","H2KS01079","","KS"
"307","Patrick Schmidt","H2KS02143","","KS"
"308","Sharice Davids","H8KS03155","","KS"
"309","Bob Hernandez","H2KS04149","","KS"
"310","Bob Lorinser","H2MI01142","","MI"
"311","Jerry Hilliard","H8MI04101","","MI"
"312","Hillary Scholten","H0MI03316","","MI"
"313","Bart Goldberg","H2MI05176","","MI"
"314","Debbie Dingell","H4MI12079","","MI"
"315","Elissa Slotkin","H8MI08102","","MI"
"316","Daniel T. Kildee","H2MI05119","","MI"
"317","Brian Jaye","H2MI08154","","MI"
"318","Carl J. Marlinga","H2MI10176","","MI"
"319","Haley Stevens","H8MI11254","","MI"
"320","Rashida Tlaib","H8MI13250","","MI"
"321","Shri Thanedar","H2MI13204","","MI"
"322","Trudy Busch Valentine","S2MO00692","","MO"
"323","Cori Bush","H8MO01143","","MO"
"324","Trish Gunby","H2MO02201","","MO"
"325","Bethany Mann","H2MO03167","","MO"
"326","Jack Truman","H6MO07169","","MO"
"327","Emanuel Cleaver II","H4MO05234","","MO"
"328","Henry Martin","H8MO06092","","MO"
"329","Kristen Radaker-Sheafer","H2MO07200","","MO"
"330","Randi McCallian","H2MO08091","","MO"
"331","Patty Murray","S2WA00189","","WA"
"332","Suzan DelBene","H0WA08046","","WA"
"333","Rick Larsen","H0WA02080","","WA"
"334","Marie Gluesenkamp Perez","H2WA03217","","WA"
"335","Doug White","H2WA04199","","WA"
"336","Natasha Hill","H2WA05105","","WA"
"337","Derek Kilmer","H2WA06129","","WA"
"338","Pramila Jayapal","H6WA07458","","WA"
"339","Kim Schrier","H8WA08189","","WA"
"340","Adam Smith","H6WA09025","","WA"
"341","Marilyn Strickland","H0WA10034","","WA"
"342","Cameron Parsons","H2TN01106","","TN"
"343","Mark Harmon","H2TN02120","","TN"
"344","Meg Gorman","H0TN03452","","TN"
"345","Wayne Steele","H8TN04123","","TN"
"346","Heidi Campbell","H2TN05438","","TN"
"347","Randal Cooper","H2TN06162","","TN"
"348","Odessa Kelly","H2TN05305","","TN"
"349","Lynnette P. Williams","H2TN08184","","TN"
"350","Steve Cohen","H6TN09068","","TN"
"351","Richard Blumenthal","S0CT00177","","CT"
"352","John B. Larson","H8CT01046","","CT"
"353","Joe Courtney","H2CT02112","","CT"
"354","Rosa L. DeLauro","H0CT03072","","CT"
"355","Jim Himes","H8CT04172","","CT"
"356","Jahana Hayes","H8CT05245","","CT"
"357","Jeff Ettinger","H2MN01249","","MN"
"358","Angie Craig","H6MN02131","","MN"
"359","Dean Phillips","H8MN03143","","MN"
"360","Betty McCollum","H0MN04049","","MN"
"361","Ilhan Omar","H8MN05239","","MN"
"362","Jeanne Hendricks","H2MN06214","","MN"
"363","Jill Abahsain","H2MN07162","","MN"
"364","Jen Schultz","H2MN08152","","MN"
"365","Peter Welch","S2VT00235","","VT"
"366","Becca Balint","H2VT01076","","VT"
"367","Mandela Barnes","S2WI00441","","WI"
"368","Ann Roe","H2WI01100","","WI"
"369","Mark Pocan","H2WI02124","","WI"
"370","Brad Pfaff","H2WI03122","","WI"
"371","Gwen Moore","H4WI04183","","WI"
"372","Mike Van Someren","H2WI05275","","WI"
"373","Richard ""Dick"" Ausman","H2WI07123","","WI"
"374","Brian Schatz","S4HI00136","","HI"
"375","Ed Case","H2HI02128","","HI"
"376","Jill N. Tokuda","H2HI02581","","HI"
"377","Patricia R. Chesbro","S2AK00226","","AK"
"378","Mary S. Peltola","H2AK01158","","AK"
"379","Lynnette GreyBull","H0WY01036","","WY"
"380","Val Demings","S2FL00631","","FL"
"381","Rebekah Jones","H2FL01233","","FL"
"382","Al Lawson","H0FL02086","","FL"
"383","Danielle Hawk","H2FL03163","","FL"
"384","LaShonda ""L.J."" Holloway","H6FL05193","","FL"
"385","Karen Green","H2FL08139","","FL"
"386","Joanne Terry","H2FL08105","","FL"
"387","Darren Soto","H6FL09179","","FL"
"388","Maxwell Alejandro Frost","H2FL10259","","FL"
"389","Shante Munns","H2FL11174","","FL"
"390","Kimberly Walker","H6FL13197","","FL"
"391","Eric Lynn","H6FL13189","","FL"
"392","Kathy Castor","H6FL11126","","FL"
"393","Alan M. Cohn","H4FL15155","","FL"
"394","Jan Schneider","H2FL13139","","FL"
"395","Andrea Doria Kale","H2FL17106","","FL"
"396","Cindy Banyai","H0FL19106","","FL"
"397","Sheila Cherfilus-McCormick","H8FL20032","","FL"
"398","Corinna Balderramos Robinson","H2FL18096","","FL"
"399","Lois Frankel","H2FL14053","","FL"
"400","Jared Moskowitz","H2FL22171","","FL"
"401","Frederica Wilson","H0FL17068","","FL"
"402","Debbie Wasserman Schultz","H4FL20023","","FL"
"403","Christine Alexandria Olivo","H2FL24037","","FL"
"404","Annette Taddeo","H8FL00034","","FL"
"405","Robert Asencio","H2FL28038","","FL"
"406","Bridget Fleming","H0NY01202","","NY"
"407","Jackie Gordon","H0NY02192","","NY"
"408","Robert P. Zimmerman","H2NY03188","","NY"
"409","Laura A. Gillen","H2NY04244","","NY"
"410","Gregory Meeks","H8NY06048","","NY"
"411","Grace Meng","H2NY06116","","NY"
"412","Nydia M. Velazquez","H2NY00010","","NY"
"413","Hakeem S. Jeffries","H2NY10092","","NY"
"414","Yvette Clarke","H4NY11138","","NY"
"415","Daniel Goldman","H2NY10308","","NY"
"416","Max N. Rose","H2NY11140","","NY"
"417","Jerrold L. Nadler","H2NY17071","","NY"
"418","Adriano Espaillat","H2NY13096","","NY"
"419","Alexandria Ocasio-Cortez","H8NY15148","","NY"
"420","Ritchie J. Torres","H0NY15160","","NY"
"421","Jamaal Bowman","H0NY16143","","NY"
"422","Sean Patrick Maloney","H2NY22139","","NY"
"423","Pat Ryan","H8NY19223","","NY"
"424","Josh Riley","H8NY22177","","NY"
"425","Paul D. Tonko","H8NY21203","","NY"
"426","Matt Castelli","H2NY21164","","NY"
"427","Francis Conole","H0NY24063","","NY"
"428","Max H. Della Pia","H8NY23175","","NY"
"429","Steven Holden","H2NY24127","","NY"
"430","Joseph D. Morelle","H8NY25105","","NY"
"431","Brian Higgins","H4NY27076","","NY"
"432","Richard E. Neal","H8MA02041","","MA"
"433","James P. McGovern","H4MA03022","","MA"
"434","Lori Loureiro Trahan","H8MA03106","","MA"
"435","Jake Auchincloss","H0MA04192","","MA"
"436","Katherine M. Clark","H4MA05084","","MA"
"437","Seth Moulton","H4MA06090","","MA"
"438","Ayanna S. Pressley","H8MA07032","","MA"
"439","Stephen F. Lynch","H2MA09072","","MA"
"440","Bill Keating","H0MA10082","","MA"
"441","Lisa Blunt Rochester","H6DE00206","","DE"
"442","Maggie Hassan","S6NH00091","","NH"
"443","Chris Pappas","H8NH01210","","NH"
"444","Ann McLane Kuster","H0NH02181","","NH"
"445","David N. Cicilline","H0RI01073","","RI"
"446","Seth M. Magaziner","H2RI02184","","RI"
"447","Nathaniel Moran","H2TX01112","","TX"
"448","Dan Crenshaw","H8TX02166","","TX"
"449","Keith Self","H2TX03290","","TX"
"450","Pat Fallon","H0TX04219","","TX"
"451","Lance Gooden","H8TX05144","","TX"
"452","Jake Ellzey","H8TX06266","","TX"
"453","Johnny Teague","H0TX09176","","TX"
"454","Morgan Luttrell","H2TX08182","","TX"
"455","Jimmy I. Leon","H2TX09156","","TX"
"456","Michael McCaul","H4TX10093","","TX"
"457","August Pfluger","H0TX11230","","TX"
"458","Kay Granger","H6TX12060","","TX"
"459","Ronny Jackson","H0TX13228","","TX"
"460","Randy Weber","H2TX14149","","TX"
"461","Monica De La Cruz","H0TX15124","","TX"
"462","Irene Armendariz-Jackson","H0TX16106","","TX"
"463","Pete Sessions","H2TX03126","","TX"
"464","Carmen Maria Montiel","H2TX18207","","TX"
"465","Jodey C. Arrington","H6TX19099","","TX"
"466","Kyle Sinclair","H2TX20096","","TX"
"467","Chip Roy","H8TX21307","","TX"
"468","Troy E. Nehls","H0TX22302","","TX"
"469","Tony Gonzales","H0TX35015","","TX"
"470","Beth Van Duyne",NA,"C00714865","TX"
"471","Roger Williams","H2TX33040","","TX"
"472","Michael C. Burgess","H2TX26093","","TX"
"473","Michael Cloud","H8TX27049","","TX"
"474","Cassy Garcia","H2TX28149","","TX"
"475","Robert Schafranek","H6TX29080","","TX"
"476","James Rodgers","H2TX30236","","TX"
"477","John Carter","H2TX31044","","TX"
"478","Antonio Swad","H2TX32166","","TX"
"479","Patrick David Gillespie","H2TX33248","","TX"
"480","Mayra Flores","H2TX34113","","TX"
"481","Dan McQueen","H0TX20124","","TX"
"482","Brian Babin","H6TX02079","","TX"
"483","Jenny Garcia Sharon","H0TX35064","","TX"
"484","Wesley Hunt","H0TX07170","","TX"
"485","Todd Young","S6IN00191","","IN"
"486","Jennifer-Ruth Green","H2IN01172","","IN"
"487","Jackie Walorski","H0IN02190","","IN"
"488","Jim Banks","H6IN03229","","IN"
"489","Jim Baird","H8IN04199","","IN"
"490","Victoria Spartz","H0IN05326","","IN"
"491","Greg Pence","H8IN06129","","IN"
"492","Angela Grabovsky","H2IN07179","","IN"
"493","Larry D. Bucshon","H0IN08114","","IN"
"494","Erin Houchin","H6IN09143","","IN"
"495","J.D. Vance","S2OH00436","","OH"
"496","Steve Chabot","H8OH01043","","OH"
"497","Brad Wenstrup","H2OH02085","","OH"
"498","Lee R. Stahley","H2OH03190","","OH"
"499","Jim Jordan","H6OH04082","","OH"
"500","Bob Latta","H8OH05036","","OH"
"501","Bill Johnson","H0OH06189","","OH"
"502","Max Miller","H2OH16051","","OH"
"503","Warren Davidson","H6OH08315","","OH"
"504","J.R. Majewski","H2OH09155","","OH"
"505","Mike Turner","H2OH03067","","OH"
"506","Eric J. Brewer","H2OH11326","","OH"
"507","Troy Balderson","H8OH12180","","OH"
"508","Madison Gesiotto Gilbert","H2OH09163","","OH"
"509","David P. Joyce","H2OH14064","","OH"
"510","Mike Carey","H2OH15228","","OH"
"511","Jim Myles","H2VA11255","","VA"
"512","Carol Miller","H8WV03097","","WV"
"513","Alexander X. Mooney","H4WV02080","","WV"
"514","Mike Flood","H2NE01118","","NE"
"515","Don Bacon","H6NE02125","","NE"
"516","Adrian Smith","H6NE03115","","NE"
"517","Rand Paul","S0KY00156","","KY"
"518","James R. Comer","H6KY01110","","KY"
"519","S. Brett Guthrie","H8KY02031","","KY"
"520","Stuart N. Ray","H2KY03214","","KY"
"521","Thomas Massie","H2KY04121","","KY"
"522","Harold ""Hal"" Rogers","H0KY05015","","KY"
"523","Andy Barr","H0KY06104","","KY"
"524","Jo Rae Perkins","S4OR00156","","OR"
"525","Christopher A. Mann","H2OR01273","","OR"
"526","Cliff S. Bentz","H0OR02127","","OR"
"527","Joanna Harbour","H0OR03174","","OR"
"528","Alek Skarlatos","H0OR04107","","OR"
"529","Lori Chavez-DeRemer","H2OR05209","","OR"
"530","Mike Erickson","H2OR06124","","OR"
"531","Mike Crapo","S8ID00027","","ID"
"532","Russ Fulcher","H8ID01124","","ID"
"533","Mike Simpson","H8ID02064","","ID"
"534","Ted Budd","S2NC00505","","NC"
"535","Sandy Smith","H0NC03149","","NC"
"536","Christine E. Villaverde","H2NC08235","","NC"
"537","Greg Murphy","H0NC03172","","NC"
"538","Courtney Geels","H2NC13185","","NC"
"539","Virginia Foxx","H4NC05146","","NC"
"540","Christian Castelli","H2NC07161","","NC"
"541","David Rouzer","H2NC07096","","NC"
"542","Dan Bishop","H0NC09187","","NC"
"543","Richard Hudson","H2NC08185","","NC"
"544","Patrick McHenry","H4NC10047","","NC"
"545","Chuck Edwards","H2NC14050","","NC"
"546","Tyler Lee","H2NC12229","","NC"
"547","Bo Hines","H2NC05157","","NC"
"548","Pat Harrigan","H2NC13243","","NC"
"549","Mehmet Oz","S2PA00638","","PA"
"550","Brian Fitzpatrick","H6PA08277","","PA"
"551","Aaron Bashir",NA,"C00805986","PA"
"552","Christian Nascimento","H2PA04226","","PA"
"553","David Galluch","H2PA05074","","PA"
"554","Guy Ciarrocchi","H2PA06197","","PA"
"555","Lisa Scheller","H0PA07132","","PA"
"556","Jim Bognet","H0PA08221","","PA"
"557","Dan Meuser","H8PA10147","","PA"
"558","Scott Perry","H2PA04135","","PA"
"559","Lloyd K. Smucker","H6PA16320","","PA"
"560","Mike Doyle","H2PA12070","","PA"
"561","John Joyce","H8PA13125","","PA"
"562","Guy Reschenthaler","H8PA18199","","PA"
"563","Glenn ""GT"" Thompson","H8PA05071","","PA"
"564","Mike Kelly","H0PA03271","","PA"
"565","Jeremy Shaffer","H2PA17160","","PA"
"566","Bob Good","H0VA05160","","VA"
"567","Karina Lipsman","H2VA08152","","VA"
"568","Hung Cao","H2VA10240","","VA"
"569","Katie Britt","S2AL00145","","AL"
"570","Jerry Carl","H0AL01055","","AL"
"571","Barry Moore","H8AL02171","","AL"
"572","Mike Rogers","H2AL03032","","AL"
"573","Robert Aderholt","H6AL04098","","AL"
"574","Dale Strong","H2AL05102","","AL"
"575","Gary Palmer","H4AL06098","","AL"
"576","Beatrice Nichols","H2AL07173","","AL"
"577","John Boozman","S0AR00150","","AR"
"578","Rick Crawford","H0AR01083","","AR"
"579","French Hill","H4AR02141","","AR"
"580","Steve Womack","H0AR03055","","AR"
"581","Bruce Westerman","H4AR04048","","AR"
"582","Herschel Junior Walker","S2GA00225","","GA"
"583","Earl L. ""Buddy"" Carter","H4GA01039","","GA"
"584","Chris West","H2GA02155","","GA"
"585","Drew Ferguson","H6GA03113","","GA"
"586","Jonathan Chavez","H2GA04201","","GA"
"587","Christian Zimm","H2GA05166","","GA"
"588","Rich McCormick","H0GA07273","","GA"
"589","Mark Gonsalves","H0GA07232","","GA"
"590","Austin Scott","H0GA08099","","GA"
"591","Andrew Clyde","H0GA09246","","GA"
"592","Mike Collins","H4GA10071","","GA"
"593","Barry Loudermilk","H4GA11061","","GA"
"594","Rick W. Allen","H2GA12121","","GA"
"595","Caesar Gonzales","H0GA13149","","GA"
"596","Marjorie Taylor Greene","H0GA06192","","GA"
"597","Michelle Garcia Holmes","H0NM01189","","NM"
"598","Yvette Herrell","H8NM02156","","NM"
"599","Alexis Martinez Johnson","H8NY23175","","NM"
"600","Trent Kelly","H6MS01131","","MS"
"601","Brian Flowers","H0MS02082","","MS"
"602","Michael Guest","H8MS03125","","MS"
"603","Mike Ezell","H2MS04258","","MS"
"604","Ryan K. Zinke","H4MT01041","","MT"
"605","Matt Rosendale","H4MT00050","","MT"
"606","Chuck Grassley","S0IA00028","","IA"
"607","Mariannette Miller-Meeks","H8IA02043","","IA"
"608","Ashley Hinson","H0IA01174","","IA"
"609","Zach Nunn","H2IA03119","","IA"
"610","Randy Feenstra","H0IA04145","","IA"
"611","John R. Thune","S2SD00068","","SD"
"612","Dusty Johnson","H8SD01055","","SD"
"613","Claire Gustafson","H4NJ01118","","NJ"
"614","Jeff Van Drew","H8NJ02166","","NJ"
"615","Bob Healey","H2NJ03258","","NJ"
"616","Christopher H. Smith","H8NJ04014","","NJ"
"617","Frank T. Pallotta","H0NJ05174","","NJ"
"618","Susan M. Kiley","H2NJ06228","","NJ"
"619","Thomas H. Kean Jr.","H0NJ07261","","NJ"
"620","Marcos Arroyo","H2NJ08299","","NJ"
"621","Billy Prempeh","H0NJ09200","","NJ"
"622","David H. Pinckney","H0NJ10133","","NJ"
"623","Paul DeGroot","H2NJ11186","","NJ"
"624","Darius Mayfield","H2NJ12127","","NJ"
"625","Mark P. Meuser","S2CA01060","","CA"
"626","Mark P. Meuser","S2CA01060","","CA"
"627","Doug LaMalfa","H2CA02142","","CA"
"628","Douglas Brower","H2CA02209","","CA"
"629","Kevin Kiley","H2CA03157","","CA"
"630","Matt Brock","H2CA04148","","CA"
"631","Tom McClintock","H8CA04152","","CA"
"632","Tamika Hamilton","H0CA03128","","CA"
"633","Max Semenenko","H2CA07141","","CA"
"634","Rudy Recile","H2CA00153","","CA"
"635","Tom Patti","H2CA09139","","CA"
"636","John Dennis","H0CA05016","","CA"
"637","Stephen Slauson","H2CA12240","","CA"
"638","John Duarte","H2CA13131","","CA"
"639","Alison Hayden","H0CA15247","","CA"
"640","Ritesh Tandon","H0CA17193","","CA"
"641","Peter Hernandez","H2CA18163","","CA"
"642","Jeff Gorman","H0CA20122","","CA"
"643","Kevin McCarthy","H6CA22125","","CA"
"644","Michael Maher","H2CA22215","","CA"
"645","David G. Valadao","H2CA20094","","CA"
"646","Jay Obernolte","H0CA08135","","CA"
"647","Brad Allen","H2CA24229","","CA"
"648","Brian E. Hawkins","H2CA01177","","CA"
"649","Matt Jacobs","H2CA26133","","CA"
"650","Mike Garcia","H0CA25105","","CA"
"651","Wes Hallman","H2CA28188","","CA"
"652","Daniel Bocic Martinez","H2CA28162","","CA"
"653","Lucie Lapointe Volotzky","H2CA30283","","CA"
"654","John Mark Porter","H2CA33253","","CA"
"655","Mike Cargile","H0CA35146","","CA"
"656","Joe E. Collins III","H0CA43108","","CA"
"657","Eric J. Ching","H2CA39151","","CA"
"658","Aja Smith","H8CA41170","","CA"
"659","Young Kim","H8CA39240","","CA"
"660","Ken Calvert","H2CA37023","","CA"
"661","John Briscoe","H8CA47078","","CA"
"662","Omar Navarro","H6CA44145","","CA"
"663","Paul Jones","H0CA38140","","CA"
"664","Michelle Steel","H0CA48198","","CA"
"665","Christopher J. Gonzales","H0CA45160","","CA"
"666","Scott Baugh","H2CA47196","","CA"
"667","Darrell Issa","H0CA48024","","CA"
"668","Brian Maryott","H8CA49108","","CA"
"669","Corey Gustafson","H2CA50232","","CA"
"670","Stan Caplan","H2CA51206","","CA"
"671","Tyler Geffeney","H2CA52188","","CA"
"672","Edwin Thelander","H2ME01131","","ME"
"673","Bruce Poliquin","H4ME02234","","ME"
"674","Adam Paul Laxalt","S2NV00324","","NV"
"675","Mark Robertson","H2NV03153","","NV"
"676","Mark E. Amodei","H2NV02395","","NV"
"677","April Becker","H2NV03161","","NV"
"678","Sam Peters","H0NV04023","","NV"
"679","Tim Scott","S4SC00240","","SC"
"680","Nancy Mace","H0SC01394","","SC"
"681","Joe Wilson","H2SC02059","","SC"
"682","Jeff Duncan","H0SC03077","","SC"
"683","William Timmons","H8SC04250","","SC"
"684","Ralph Norman","H8SC05158","","SC"
"685","Duke Buckner","H2SC06142","","SC"
"686","Russell Fry","H2SC07280","","SC"
"687","John Hoeven","S0ND00093","","ND"
"688","Kelly Armstrong","H8ND00096","","ND"
"689","Rob J. Wittman","H8VA01147","","VA"
"690","Jen A. Kiggans","H2VA02064","","VA"
"691","Terry T. Namkung","H2VA03070","","VA"
"692","Leon Benjamin Sr.","H0VA04064","","VA"
"693","Ben L. Cline","H8VA06104","","VA"
"694","Yesli I. Vega","H2VA07261","","VA"
"695","H. Morgan Griffith","H0VA09055","","VA"
"696","Joe O'Dea","S2CO00241","","CO"
"697","Jennifer Qualteri","H2CO01215","","CO"
"698","Marshall Dawson","H2CO02205","","CO"
"699","Lauren Boebert","H0CO03165","","CO"
"700","Ken Buck","H4CO04090","","CO"
"701","Doug Lamborn","H6CO05159","","CO"
"702","Steven Monahan","H2CO06214","","CO"
"703","Erik Aadland","H2CO07170","","CO"
"704","Barbara Kirkmeyer","H2CO08079","","CO"
"705","Kathy Salvi","S2IL00267","","IL"
"706","Eric Carlson","H2IL01323","","IL"
"707","Thomas Lynch","H2IL02214","","IL"
"708","Justin Burau","H2IL06082","","IL"
"709","James Falakos","H2IL04160","","IL"
"710","Tommy Hanson","H2IL05241","","IL"
"711","Keith Pekau","H2IL06116","","IL"
"712","Chris Dargis","H2IL08187","","IL"
"713","Maxwell ""Max"" Rice","H8IL09174","","IL"
"714","Joseph Severino","H0IL10393","","IL"
"715","Catalina Lauf","H2IL16107","","IL"
"716","Mike Bost","H4IL12060","","IL"
"717","Regan Deering","H2IL13179","","IL"
"718","Scott R. Gryder","H2IL14102","","IL"
"719","Mary Miller","H0IL15129","","IL"
"720","Darin LaHood","H6IL18088","","IL"
"721","Esther Joy King","H0IL17083","","IL"
"722","Joe Pinion","S2NY00499","","NY"
"723","James Lankford","S4OK00232","","OK"
"724","Markwayne Mullin","S2OK00186","","OK"
"725","Kevin Hern","H8OK01157","","OK"
"726","Josh Brecheen","H2OK02315","","OK"
"727","Frank D. Lucas","H4OK06056","","OK"
"728","Tom Cole","H2OK04055","","OK"
"729","Stephanie Bice","H0OK05205","","OK"
"730","Mike Lee","S0UT00165","","UT"
"731","Blake D. Moore","H0UT01205","","UT"
"732","Chris Stewart","H2UT02324","","UT"
"733","John Curtis","H8UT03238","","UT"
"734","Burgess Owens","H0UT04076","","UT"
"735","Chris Chaffee","H4MD05169","","MD"
"736","Andy Harris","H8MD01094","","MD"
"737","Nicolee Ambrose","H2MD02368","","MD"
"738","Yuripzy Morgan","H2MD02343","","MD"
"739","Jeff Warner","H2MD04307","","MD"
"740","Chris Palombi","H0MD05225","","MD"
"741","Neil C. Parrott","H0MD06231","","MD"
"742","Scott M. Collier","H0MD02255","","MD"
"743","Gregory Thomas Coll","H0MD08203","","MD"
"744","Blake Masters","S2AZ00372","","AZ"
"745","David Schweikert","H4AZ06045","","AZ"
"746","Eli Crane","H2AZ01354","","AZ"
"747","Jeff Zink","H2AZ07187","","AZ"
"748","Kelly Cooper","H2AZ09191","","AZ"
"749","Andy Biggs","H6AZ05083","","AZ"
"750","Juan Ciscomani","H2AZ02360","","AZ"
"751","Luis Pozzolo","H2AZ03152","","AZ"
"752","Debbie Lesko","H8AZ08158","","AZ"
"753","Paul Gosar","H0AZ01259","","AZ"
"754","Jerry Moran","S0KS00091","","KS"
"755","Tracey Mann","H0KS01123","","KS"
"756","Jake LaTurner","H0KS02188","","KS"
"757","Amanda L. Adkins","H0KS03236","","KS"
"758","Ron Estes","H8KS04112","","KS"
"759","Jack Bergman","H6MI01226","","MI"
"760","John Moolenaar","H4MI04126","","MI"
"761","John Gibbs","H2MI03197","","MI"
"762","Bill Huizenga","H0MI02094","","MI"
"763","Tim Walberg","H4MI07103","","MI"
"764","Whittney Williams","H2MI06158","","MI"
"765","Tom Barrett","H2MI07123","","MI"
"766","Paul Junge","H0MI08141","","MI"
"767","Lisa McClain","H0MI10287","","MI"
"768","John James","H2MI10150","","MI"
"769","Mark Ambrose","H2MI11265","","MI"
"770","Steven Elliott","H2MI13311","","MI"
"771","Martell D. Bivings","H2MI13360","","MI"
"772","Eric Schmitt","S2MO00544","","MO"
"773","Andrew Jones","H2MO01179","","MO"
"774","Ann Wagner","H2MO02102","","MO"
"775","Blaine Luetkemeyer","H8MO09153","","MO"
"776","Mark Alford","H2MO04207","","MO"
"777","Jacob Turk","H6MO05189","","MO"
"778","Sam Graves","H0MO06073","","MO"
"779","Eric Burlison","H2MO07143","","MO"
"780","Jason Smith","H4MO08162","","MO"
"781","Tiffany Smiley","S2WA00387","","WA"
"782","Vincent J. Cavaleri","H2WA01252","","WA"
"783","Dan Matthews","H2WA02177","","WA"
"784","Joe Kent","H2WA03100","","WA"
"785","Dan Newhouse","H4WA04104","","WA"
"786","Cathy McMorris Rodgers","H4WA05077","","WA"
"787","Elizabeth Kreiselmaier","H0WA06081","","WA"
"788","Cliff Moon","H2WA07127","","WA"
"789","Matt Larkin","H2WA08182","","WA"
"790","Doug Basler","H4WA09061","","WA"
"791","Keith R. Swank","H2WA08166","","WA"
"792","Diana Lynn Harshbarger","H0TN01118","","TN"
"793","Tim Burchett","H8TN02119","","TN"
"794","Chuck Fleischmann","H0TN03254","","TN"
"795","Scott DesJarlais","H0TN04195","","TN"
"796","Andy Ogles","H2TN05446","","TN"
"797","John Rose","H8TN06094","","TN"
"798","Mark E. Green","H8TN07076","","TN"
"799","David Kustoff","H2TN07103","","TN"
"800","Charlotte Bergmann","H0TN09061","","TN"
"801","Leora R. Levy","S2CT00314","","CT"
"802","Larry Lazor","H2CT01213","","CT"
"803","Mike France","H2CT02161","","CT"
"804","Lesley DeNardis","H2CT03110","","CT"
"805","Jayme Stevenson","H2CT04134","","CT"
"806","George Logan","H2CT05222","","CT"
"807","Brad Finstad","H2MN01223","","MN"
"808","Tyler Kistner","H0MN02134","","MN"
"809","Tom Weiler","H2MN03104","","MN"
"810","May Lor Xiong","H2MN04177","","MN"
"811","Cicely Davis","H2MN05166","","MN"
"812","Tom Emmer","H4MN06087","","MN"
"813","Michelle Fischbach","H0MN07091","","MN"
"814","Pete Stauber","H8MN08043","","MN"
"815","Gerald Malloy","S2VT00292","","VT"
"816","Liam Madden","H2VT01100","","VT"
"817","Ron Johnson","S0WI00197","","WI"
"818","Bryan Steil","H8WI01156","","WI"
"819","Erik Olsen","H2WI02181","","WI"
"820","Derrick Van Orden","H0WI03175","","WI"
"821","Tim Rogers","H8WI04069","","WI"
"822","Scott Fitzgerald","H0WI05113","","WI"
"823","Glenn Grothman","H4WI06048","","WI"
"824","Tom Tiffany","H0WI07101","","WI"
"825","Mike Gallagher","H6WI08155","","WI"
"826","Bob McDermott",NA,"C00800656","HI"
"827","Conrad Kress","H2HI02557","","HI"
"828","Joe Akana","H0HI02213","","HI"
"829","Buzz A. Kelley","S2AK00242","","AK"
"830","Lisa Murkowski","S4AK00099","","AK"
"831","Kelly C. Tshibaka","S2AK00127","","AK"
"832","Nick Begich","H2AK01083","","AK"
"833","Sarah Palin","H2AK00226","","AK"
"834","Harriet Hageman","H2WY00166","","WY"
"835","Marco Rubio","S0FL00338","","FL"
"836","Matt Gaetz","H6FL01119","","FL"
"837","Neal Dunn","H6FL02208","","FL"
"838","Kat Cammack","H0FL03175","","FL"
"839","Aaron Bean","H2FL04211","","FL"
"840","John H. Rutherford","H6FL04105","","FL"
"841","Michael Waltz","H8FL06148","","FL"
"842","Cory Mills","H2FL07156","","FL"
"843","Bill Posey","H8FL15107","","FL"
"844","Scotty Moore","H2FL09228","","FL"
"845","Calvin B. Wimbish","H2FL10283","","FL"
"846","Daniel Webster","H0FL08208","","FL"
"847","Gus Michael Bilirakis","H6FL09070","","FL"
"848","Anna Paulina Luna","H0FL13158","","FL"
"849","James Judge","H2FL14277","","FL"
"850","Laurel Lee","H2FL15241","","FL"
"851","Vern Buchanan","H6FL13148","","FL"
"852","Greg Steube","H8FL17053","","FL"
"853","Scott Franklin","H0FL15104","","FL"
"854","Byron Donalds","H2FL14186","","FL"
"855","Drew Montez Clark","H2FL25083","","FL"
"856","Brian Mast","H6FL18097","","FL"
"857","Dan Franzese","H2FL21108","","FL"
"858","Joe Budd","H2FL23138","","FL"
"859","Jesus G. Navarro","H2FL24078","","FL"
"860","Carla Spalding","H0FL23090","","FL"
"861","Mario Diaz-Balart","H2FL25018","","FL"
"862","María Elvira Salazar","H8FL27185","","FL"
"863","Carlos A. Gimenez","H0FL26036","","FL"
"864","Nicholas J. LaLota","H0NY02200","","NY"
"865","Andrew R. Garbarino","H0NY02234","","NY"
"866","George A.D. Santos","H0NY03083","","NY"
"867","Anthony P. D'Esposito","H2NY04277","","NY"
"868","Paul King","H2NY05126","","NY"
"869","Thomas Zmich","H0NY06086","","NY"
"870","Juan Pagan","H2NY07064","","NY"
"871","Yuri Dashevsky","H2NY08187","","NY"
"872","Benine Hamdan","H2NY10134","","NY"
"873","Nicole Malliotakis","H0NY11078","","NY"
"874","Michael Zumbluskas","H2NY12221","","NY"
"875","Tina Forte","H2NY14128","","NY"
"876","Stylo A. Sapaskis","H6NY16140","","NY"
"877","Miriam L. Flisser","H2NY16115","","NY"
"878","Michael V. Lawler","H2NY17162","","NY"
"879","Colin J. Schmitt","H2NY18087","","NY"
"880","Marcus Molinaro","H2NY19127","","NY"
"881","Elizabeth L. Joy","H0NY20111","","NY"
"882","Elise M. Stefanik","H4NY21079","","NY"
"883","Brandon M. Williams","H2NY22212","","NY"
"884","Nick Langworthy","H2NY23228","","NY"
"885","Claudia Tenney","H4NY22051","","NY"
"886","La'Ron D. Singletary","H2NY25082","","NY"
"887","Steven L. Sams II","H2NY26189","","NY"
"888","Dean James Martilli","H2MA01228","","MA"
"889","Jeffrey A. Sossa-Paquette","H2MA02085","","MA"
"890","Dean A. Tran","H2MA03141","","MA"
"891","Caroline Colarusso","H0MA05132","","MA"
"892","Bob May","H2MA06086","","MA"
"893","Donnie Dionicio Palmer","H2MA07100","","MA"
"894","Robert G. Burke","H2MA08090","","MA"
"895","Jesse G. Brown","H2MA09239","","MA"
"896","Lee Murphy","H8DE01044","","DE"
"897","Donald C. Bolduc","S0NH00326","","NH"
"898","Karoline Leavitt","H2NH01270","","NH"
"899","Robert Burns","H2NH00025","","NH"
"900","Allen R. Waters","H2RI01202","","RI"
"901","Allan W. Fung","H2RI02226","","RI"
